{
  "assetsByChunkName": {
    "vendors~app-account~app-confirmation~app-order": [
      "chunk.a1064d786998392c31cb.js",
      "chunk.a1064d786998392c31cb.js.map"
    ],
    "vendors~app-account~app-checkout": [
      "chunk.5c084e40157d49529eb2.js",
      "chunk.5c084e40157d49529eb2.js.map"
    ],
    "vendors~app-cart~app-checkout": [
      "chunk.d9b0fed10a2636641d99.js",
      "chunk.d9b0fed10a2636641d99.js.map"
    ],
    "admin": [
      "admin.5533e5625b385997e538.js",
      "admin.5533e5625b385997e538.js.map"
    ],
    "app-account": [
      "chunk.5756168f47597ee13ea9.js",
      "chunk.5756168f47597ee13ea9.js.map"
    ],
    "app-cart": [
      "chunk.a708780b12c3bd4553f0.js",
      "chunk.a708780b12c3bd4553f0.js.map"
    ],
    "app-confirmation": [
      "chunk.811cc893c50200c816af.js",
      "chunk.811cc893c50200c816af.js.map"
    ],
    "app-order": [
      "chunk.bf9d77bab11c2492a371.js",
      "chunk.bf9d77bab11c2492a371.js.map"
    ],
    "checkout": [
      "checkout.16ab074339dccaa9cc00.js",
      "checkout.16ab074339dccaa9cc00.js.map"
    ],
    "storefront": [
      "storefront.435fa0ce06eb5f3e7e6b.css",
      "storefront.3a278feeee2106a3757d.js",
      "storefront.435fa0ce06eb5f3e7e6b.css.map",
      "storefront.3a278feeee2106a3757d.js.map"
    ],
    "vendors~app-checkout": [
      "chunk.6483b62e749912480b3d.js",
      "chunk.6483b62e749912480b3d.js.map"
    ]
  }
}